570740411947483136|rt 7:30. tomorrow. fairfield freshmen school. gmc title game. be there. #beatoakhills|en|gmc
570740411771314178|chevrolet : cruze 2lt auto hertz certified 2013 2lt auto used turbo 1.4l i4 16v fwd sedan â€¦|en|chevrolet
570740420659040257|rt black bmw ğŸ™ˆğŸ’¯âœ”ï¸|en|bmw
570740424375214080|fullthrottleauto: nissan gtr (by dylan king photography) (#fta)|en|nissan
570740424832356354|rt all black bmw m4 ğŸ‘ğŸ‘|en|bmw
570740454481895424|mazda : other sport hertz certified 2013 sport used 2l i4 16v fwd suv|en|mazda
570740483225477120|i miss coach kia ğŸ˜­ğŸ˜­ğŸ’”ğŸ’”|en|kia
570740487264600064|gmc champs ğŸ€ğŸ’¯ this what we do|en|gmc
570740494935830529|drivers having a hard time getting up 14th east of lincoln #cowx|en|lincoln
570740529471692800|i want the white ford fusion so bad ğŸ˜|en|ford
570740538250391552|#vwbeetle volkswagen : beetle - classic cleanly finsihed beetle, luggage rack, correct 1300cc motor, only 5k o...|en|volkswagen
570740549788966912|rt audi in the snow â„ï¸|en|audi
570740571154849793|#hondacivic #honda honda : civic lx certified 2012 lx used certified 1.8 l i 4 16 v automatic fwdâ€¦ #civic #buy #cars|en|honda
570740575537922049|toyota ordered to pay 11 million in u.s. trial over fatal crash|en|toyota
570740584589205505|2001 toyota 4 runner abs sensor car parts|en|toyota
570740592327692289|power is out on county road 236 in dodge city|en|dodge
570740609482412033|i jessica jessica nina wade have been a horrible friend to a one la'coral j. ford i sure hope she forgives me. i...|en|ford
570740617526902784|rt soros, ford shovel $196 million to 'net neutrality' groups, staff to wh #nonetneutrality #tcot|en|ford
570740617317367808|82-86 pontiac chevy olds buick car 151 2.5l ohv l4 engine rebuild kit|en|buick
570740621146779651|more people would buy electric cars if ultraman was in the ads like in japan for the nissan leaf:|en|nissan
570740626142191616|"never underestimate love."" yhup !!!! i never do ! ... i dey dodge am always ! .. ma tym go kam tho"|en|dodge
570740629367435264|how to watch the honda classic live online, tv schedule, radio and more: the florida swing starts this week in...|en|honda
570740634199433216|my jeep has a crush. how cute. vanhalligan|en|jeep
570740638834167808|rt all black bmw m4 ğŸ‘ğŸ‘|en|bmw
570740646950125568|if i don't get someone playing #djsona in this game i might dodge #leagueoflegends|en|dodge
570740655334543360|rt audi has built a concept estate. it's called the prologue, it's quite huge, and it boasts a 448bhp hybrid drivetrain|en|audi
570740659889418240|karlie kloss looks elegant in tom ford at the #britawards: ğŸ‘Œyass #karliekloss ğŸ˜|en|ford
570740664109019137|for the record: ford launches new oakville product - hamilton spectator|en|ford
570740667388964864|for the record: ford launches new oakville product - hamilton spectator|en|ford
570740667690823680|rt #wcw it's a jeep thing|en|jeep
570740677274943489|rt audi r8 with a special wrap ğŸ‘ğŸ‘|en|audi
570740684468162561|dad gave me one of his credit cards so i can buy jeep parts ğŸ˜ i also got some hair products hehe|en|jeep
570740684866633728|fashion says goodbye to lincoln center|en|lincoln
570740722149691392|rt #wcw it's a jeep thing|en|jeep
570740735290556417|chevrolet : bel air/150/210 frame off built bel air 4 bolt main 350/375 v8 700r4 4 speed a/câ€¦|en|chevrolet
570740755779551232|satomi suzuki tight milf pussy creampied in pov #tetas #bigtit|en|suzuki
570740760896675842|just in! we have recently added a 2006 jeep grand cherokee to our inventory. check it out :|en|jeep
570740764092854272|rt 1959 ford thunderbird|en|ford
570740772569534464|take a closer look at the bmw 2 series active tourer and book a test drive:|en|bmw
570740786117136384|rt the mazda cx-9 will be my eye candy for the next week! the interior is gorgeous! #ad|en|mazda
570740797668089856|ford may start an #uber #zipcar like ride sharing service instead of selling cars trying sharing cars model|en|ford
570740798125318145|rt made me want to climb a mountain. she also made me want to ford every stream and i don't even know what that mâ€¦|en|ford
570740798431621120|rt matte black bmw ğŸ˜|en|bmw
570740810435715072|treason! hang soros. ford foundation pay $196 million to 'net neutrality' groups, staff to white|en|ford
570740822766956545|go step on a lincoln log|en|lincoln
570740831742636032|used 2010 lexus is is 250 awd 6-speed sequential in san antonio, tx 78148 for sale at northeast motor company:...|en|lexus
570740856669528064|traffic on interstate 74 is still moving very slowly tonight. this is illinois-bound from the lincoln road...|en|lincoln
570740882644852738|forever wishing i had my dream jeep in this kinda weather ğŸ˜­ğŸ™|en|jeep
570740882695188480|rt all black bmw m4 ğŸ‘ğŸ‘|en|bmw
570740885681520642|new video: the new audi tt peaks at four stars by euro ncap safety tests|en|audi
570740886272942080|treason! hang soros. ford foundation pay $196 million to 'net neutrality' groups, staff to white|en|ford
570740898419609600|rt all black bmw m4 ğŸ‘ğŸ‘|en|bmw
570740899111682049|i'm having trouble setting up my product. where do i get additional product guidance? 2010 toyota camry hybrid (san jose north) $14650 deskâ€¦|en|toyota
570740902790094849|rt the â€œempress of soul,â€ live at chrysler hall on mar 8th at 8pm! #gladysknight|en|chrysler
570740919286308865|rt #wcw it's a jeep thing|en|jeep
570740957081145346|treason! hang soros. ford foundation pay $196 million to 'net neutrality' groups, staff to white|en|ford
570740966061027328|esteemed editions with respect to honda cars as fair seaso: jsnjc|en|honda
570740969752137729|missing lincoln and i've only been gone a day|en|lincoln
570740986520993793|they were like fc barcelona and i was like lincoln city reserves.|en|lincoln
570740995308032002|rt more people would buy electric cars if ultraman was in the ads like in japan for the nissan leaf:|en|nissan
570741057769623552|rt soros, ford shovel $196 million to 'net neutrality' groups, staff to white house: liberal philanthropist geo...|en|ford
570741062278500352|#customer #reviews - what our customers say about our dealership southwest kia mesquite (5*)...|en|kia
570741079244464129|#dailysuzukigun match of the day - yuji nagata vs minoru suzuki - njpw, 2004/08/14 g1 climax block a match|en|suzuki
570741099775561728|rt #dailysuzukigun match of the day - yuji nagata vs minoru suzuki - njpw, 2004/08/14 g1 climax bloâ€¦|en|suzuki
570741103902597120|rt this jeep ğŸ˜ğŸ™Œ|en|jeep
570741104359948289|gas cap only for honda gas, fuel tank # 1037|en|honda
570741108013027328|most of us are just about as happy as we make up our minds to be. - abraham lincoln|en|lincoln
570741108621361153|ï¿½better to remain silent and be thought a fool, than to speak and remove all doubt.ï¿½ -abraham lincoln|en|lincoln
570741109057433600|joe #biden invokes abraham lincoln in emancipation of wealth flub #zippednews|en|lincoln
570741112974872576|"ford is considering a vehicle designed for ride-sharing: among the 25 ""global mobility experiments"" ford ann..."|en|ford
570741116787519488|rt '67 volkswagen beetle (typ 1)facebook i flickr i tumblr(s) #fotoscoches|en|volkswagen
570741124777824256|new video: toyota mirai production line - vehicle trim|en|toyota
570741124865925121|#tomford #auction tom ford black nikita cat eye sunglasses|en|ford
570741151445217282|rt 10 essential items to have in your jeep while off-road|en|jeep
570741158361608192|toyota white premium gallon kit urethane basecoat car auto paint kit|en|toyota
570741159154323456|#motorcycle : 2007 bmw r1200r; clean title|en|bmw
570741180281061376|daily quiz for february 26, 2015: the famous long branch saloon of dodge city, kansas, was named after this.|en|dodge
570741187415556098|83-88 ford truck/van/suv 121 2.0l sohc l4 8v (4)flat -top pistons|en|ford
570741200224948226|83-88 ford truck/van/suv 121 2.0l sohc l4 8v (4)flat-top pistons|en|ford
570741213378306049|today ford stopped and talked to me and. it was nice and he's the best|en|ford
570741222169567233|rt all black bmw m4 ğŸ‘ğŸ‘|en|bmw
570741242595684352|shahid kapoor the brand new bmw i8 with ...|en|bmw
570741254813851648|rt yo lil ass mazda gone be next b|en|mazda
570741259188486144|"""if everyone is moving forward together, then success takes care of itself."" --henry ford 852940"|en|ford
570741263575724032|lincoln continental matchbox, regular wheels. foto de jean pierre sioen.|en|lincoln
570741268185284608|rt check it out: michael bolton was in town today to interview bill ford for a documentary on the comeback of #detroit!|en|ford
570741293598404609|rt all black bmw m4 ğŸ‘ğŸ‘|en|bmw
570741297188704256|bmw 4 you.|en|bmw
570741297746710528|lexa not lexus|en|lexus
570741313957707778|rt i've been missing my little old grandma so much recently. she may be wheelchair-bound but can still dodge a snowball likeâ€¦|en|dodge
570741315060805632|can't wait to get this car ğŸ˜ˆ #countdownâ€ uh dodge v chevy gm now. right now.|en|dodge
570741330487324673|rt first official audi r8 photo leaks|en|audi
570741339018682368|all black bmw m4 ğŸ‘ğŸ‘ ğŸ˜|en|bmw
570741347461799937|rt greetings from me and my poor frozen jeep|en|jeep
570741347541344256|rt soros, ford shovel $196 million to 'net neutrality' groups, staff to wh #nonetneutrality #tcot|en|ford
570741351911813121|gas needs to go back down ugh only reason why my dad is backing off wanting to get me my jeep ğŸ˜©ğŸ˜©ğŸ˜©ğŸ˜©ğŸ’”|en|jeep
570741385277657088|"""fashion says goodbye to lincoln center"" by photographs by jennifer s. altman via nyt the new york times"|en|lincoln
570741385034379266|round black mirrors mat black adapter for suzuki hayabusa gsx1300r 1999-2011|en|suzuki
570741385575297024|just in! we have recently added a 2004 bmw x3 to our inventory. check it out :|en|bmw
570741393150382081|redline performance chip gas/fuel saver mazda 3/5/6/cx-7/9/mx-3/5/miata/626/rx-8|en|mazda
570741402407022592|rt me: hey want to act out a scene from 50 shades? boy: duh ğŸ˜ me: okay i choose the one where you buy me a brand new audi|en|audi
570741410732875776|arb ss1140hf - safari snorkel for jeep grand cherokee 99-04 brand new|en|jeep
570741426763522049|got my bear's club golf bag. looking forward to the honda classic this weekend! plenty of pints in the bear's trap!|en|honda
570741427296215043|2015 pilot engine block heater installation instructions: download 2015 honda pilot engine block heater instal...|en|honda
570741430970413057|a new century has begun rt ford developing its own jitney app + special ford vehicle.|en|ford
570741435194056707|2.0mm thickness outside mount window visor ford focus 5 door wagon 00-07 4pcs|en|ford
570741435626065921|toyota ditches tesla electric batteries in favor of hydrogen fuel cells. with the same convenience as gas...|en|toyota
570741443070976000|rt thebeautifulcar: audi r8 with a special wrap ğŸ‘ğŸ‘|en|audi
570741456442253312|was it dodge truck?!|en|dodge
570741464537255936|the daily selfie of me and dodge â˜ºï¸|en|dodge
570741478240210944|rt audi r8 with a special wrap ğŸ‘ğŸ‘|en|audi
570741481918623745|2.0mm thickness outside mount window visor rain guard ford edge 07-13 4pcs|en|ford
570741489627738112|"""fashion says goodbye to lincoln center"" by photographs by jennifer s. altman via nyt"|en|lincoln
570741524587261953|rt nobodys beefing idek lincoln but chris put a pic on ig|en|lincoln
570741532325781505|"volkswagen passat tdi clean diesel | â€œthe questionâ€ commercial are you an aspiring new or used car buyer looking..."|en|volkswagen
570741532338364417|rt me: hey want to act out a scene from 50 shades? boy: duh ğŸ˜ me: okay i choose the one where you buy me a brand new audi|en|audi
570741540928290816|soros &amp; ford foundation behind this new world order internet censorship ...:|en|ford
570741557109919744|first official audi r8 photo leaks are you an aspiring new or used car buyer looking for your dream car? visit...|en|audi
570741557172658176|rt me: hey want to act out a scene from 50 shades? boy: duh ğŸ˜ me: okay i choose the one where you buy me a brand new audi|en|audi
570741557596450817|rt keep in mind when you're trying to date me : my first vehicle was lexus es 330 ğŸ˜ and i was 16 when i got it ğŸ’ . i never â€¦|en|lexus
570741560410812416|terry richardson's 'playboy' issue is here, tom ford talks #askhermore #askhermore #moda #â€¦|en|ford
570741565297205248|lindsey foster and baby are very happy- they took home this beautiful 2005 chrysler pacifica. need a safe...|en|chrysler
570741566316412928|how to watch the honda classic live online, tv schedule, radio and more|en|honda
570741573849378816|owner of a 2015 odyssey exl at paragon honda with #aragon_from_paragon paragon honda|en|honda
570741578660245504|how to watch the honda classic live online, tv schedule, radio and more|en|honda
570741599484952577|rt all black bmw m4 ğŸ‘ğŸ‘|en|bmw
570741611858153472|how to watch the honda classic live online, tv schedule, radio and more|en|honda
570741616106991617|rt this bmw ğŸ˜|en|bmw
570741632657719296|how to watch the honda classic live online, tv schedule, radio and more|en|honda
570741636558430209|how to watch the honda classic live online, tv schedule, radio and more|en|honda
570741642254278656|fuck around w/ me you tryna dodge bullets .|en|dodge
570741657462816770|fairings bodywork bolts screws + tank cover set for honda cbr600f3 1995-1996 40|en|honda
570741662076542976|how to watch the honda classic live online, tv schedule, radio and more|en|honda
570741691302285312|congratulations to thomas on the purchase of his 2012 toyota sienna.|en|toyota
570741699095474176|2.0mm thickness outside mount window visor buick skyhawk 2 door coupe 82-89 2pcs|en|buick
570741707832209408|blower motor regulator resistor for ford excursion expedition f-150 4l3z19a706aa|en|ford
570741720381566976|1968 dodge dart|en|dodge
570741761800347648|toyota white premium gallon kit urethane basecoat car auto paint kit|en|toyota
570741766615379968|fashion says goodbye to lincoln center|en|lincoln
570741779177324545|rt imagine pulling up in a silver honda with a minor dent in the front bumper ğŸ™ğŸ™ŒğŸ™ğŸ‘ŒğŸ˜ğŸ™|en|honda
570741779290574848|how to watch the honda classic live online, tv schedule, radio and more|en|honda
570741784357294080|rt me: hey want to act out a scene from 50 shades? boy: duh ğŸ˜ me: okay i choose the one where you buy me a brand new audi|en|audi
570741787444162560|hi, i'm bill o'reilly. i had a balcny seat, and watched john wilkes booth shoot abraham lincoln in 1865. i filed a cbs report about it.|en|lincoln
570741791831560192|how to watch the honda classic live online, tv schedule, radio and more|en|honda
570741796382351363|how to watch the honda classic live online, tv schedule, radio and more|en|honda
570741804653514752|how to watch the honda classic live online, tv schedule, radio and more|en|honda
570741812614324225|how to watch the honda classic live online, tv schedule, radio and more|en|honda
570741812832432128|rt today ford stopped and talked to me and. it was nice and he's the best|en|ford
570741813251862528|rt soros, ford shovel $196 million to 'net neutrality' groups, staff to white house viaâ€¦|en|ford
570741821183287296|how to watch the honda classic live online, tv schedule, radio and more|en|honda
570741825427918849|how to watch the honda classic live online, tv schedule, radio and more|en|honda
570741825876713472|#customer #reviews - what customers are saying about our dealership britain chevrolet cadillac â€“ 8055(5*)...|en|chevrolet
570741829815144450|how to watch the honda classic live online, tv schedule, radio and more|en|honda
570741834051420160|how to watch the honda classic live online, tv schedule, radio and more|en|honda
570741834416304128|how to watch the honda classic live online, tv schedule, radio and more|en|honda
570741839000690688|how to watch the honda classic live online, tv schedule, radio and more|en|honda
570741838878937088|rt this 1953 bmw r25/2 is, surprisingly, tony hessner's first complete motorcycle project.|en|bmw
570741842683273217|how to watch the honda classic live online, tv schedule, radio and more|en|honda
570741846219104256|how to watch the honda classic live online, tv schedule, radio and more|en|honda
570741847028600832|how to watch the honda classic live online, tv schedule, radio and more|en|honda
570741850254000128|"bmw e39/e53 5 series x5 m5 7"" hd touch car gps navi dvd player bluetooth 1din lb"|en|bmw
570741855824048128|how to watch the honda classic live online, tv schedule, radio and more|en|honda
570741859271753728|how to watch the honda classic live online, tv schedule, radio and more|en|honda
570741858697142272|"factory oem 2012-2013 17"" chevrolet sonic chevrolet sonic wheel rim 5526 u20"|en|chevrolet
570741863784845312|how to watch the honda classic live online, tv schedule, radio and more|en|honda
570741864552398849|#cars #trucks - 1935 ? 1936 de soto door handle air flow 1936 ? mopar chrysler ford ? hudson|en|chrysler
570741879903526912|how to watch the honda classic live online, tv schedule, radio and more|en|honda
570741883980423168|how to watch the honda classic live online, tv schedule, radio and more|en|honda
570741884173357056|how to watch the honda classic live online, tv schedule, radio and more|en|honda
570741888157925376|how to watch the honda classic live online, tv schedule, radio and more|en|honda
570741889110040576|how to watch the honda classic live online, tv schedule, radio and more|en|honda
570741892658409472|how to watch the honda classic live online, tv schedule, radio and more|en|honda
570741892930883584|rt me: hey want to act out a scene from 50 shades? boy: duh ğŸ˜ me: okay i choose the one where you buy me a brand new audi|en|audi
570741897192472576|rt video: wrong-way driver runs from deputies on west dodge expressway|en|dodge
570741900782780416|how to watch the honda classic live online, tv schedule, radio and more|en|honda
570741905048375296|2002-07 ford explorer no light custom - fg-059 (unpainted)|en|ford
570741909465006081|rt abraham lincoln could've been a starting point guard draining 3s in the name of freedom|en|lincoln
570741909880217600|how to watch the honda classic live online, tv schedule, radio and more|en|honda
570741910006071296|rt all black bmw m4 ğŸ‘ğŸ‘|en|bmw
570741914020020224|how to watch the honda classic live online, tv schedule, radio and more|en|honda
570741917715181568|how to watch the honda classic live online, tv schedule, radio and more|en|honda
570741922542833664|how to watch the honda classic live online, tv schedule, radio and more|en|honda
570741926573551616|rt audi r8 with a special wrap ğŸ‘ğŸ‘|en|audi
570741938493792256|rt chrome audi r8|en|audi
570741946924326912|lincoln found his forever home today yay!!!|en|lincoln
570741947956125697|how to watch the honda classic live online, tv schedule, radio and more|en|honda
570741968487243776|boutta drive my ass to russell bc i'm pretty sure no mofo is gonna get out his heated car in this goddamn weather to ticket my tiny honda|en|honda
570741971557298176|for sale: ford : thunderbird conv. 1955 fordâ€¦ #usa #classiccars #cars #carsforsale|en|ford
570741972232765440|how to watch the honda classic live online, tv schedule, radio and more|en|honda
570741972614262784|i'm from california but i moved to texas my bad i'm dyslexic in my 4 door mango lexus|en|lexus
570741976464789506|how to watch the honda classic live online, tv schedule, radio and more|en|honda
570741976670326784|ford : mustang gt, roush 427 2008 ford mustang gt premium coupe roush 427 r trak pak 40 of 100 made #usedcars #buyâ€¦|en|ford
570741976078913536|fairings bodywork bolts screws + tank cover set for honda cbr600f3 1995-1996 39|en|honda
570741985562271744|how to watch the honda classic live online, tv schedule, radio and more|en|honda
570741988896718849|fairings bodywork bolts screws + tank cover set for honda cbr600f3 1995-1996 73|en|honda
570741993099403264|how to watch the honda classic live online, tv schedule, radio and more|en|honda
570742013844447232|ceramic disc brake pads front+rear kit for 1999-2002 jeep grand cherokee|en|jeep
570742014465036289|rt ken block ford fiesta h.f.h.v prior to x games 2012 #hdvideos #other #2012 #fiesta #ford|en|ford
570742014595211264|how to watch the honda classic live online, tv schedule, radio and more|en|honda
570742017501868032|1918 d lincoln cent wheat penny -- make us an offer! #b1291|en|lincoln
570742018521112577|how to watch the honda classic live online, tv schedule, radio and more|en|honda
570742022136586240|oxygen sensor-oe style denso 234-4635 fits 99-00 jeep grand cherokee 4.7l-v8|en|jeep
570742026607693824|how to watch the honda classic live online, tv schedule, radio and more|en|honda
570742031129186304|how to watch the honda classic live online, tv schedule, radio and more|en|honda
570742039844941824|how to watch the honda classic live online, tv schedule, radio and more|en|honda
570742043619823616|how to watch the honda classic live online, tv schedule, radio and more|en|honda
570742047784636416|hyundai i20 active launch in march|en|hyundai
570742048212582400|2016 audi r8 revealed - the truth about cars #used-cars, cars view thousands of used cars â€¦|en|audi
570742051865796608|how to watch the honda classic live online, tv schedule, radio and more|en|honda
570742061168762882|how to watch the honda classic live online, tv schedule, radio and more|en|honda
570742069389619200|how to watch the honda classic live online, tv schedule, radio and more|en|honda
570742073089007616|how to watch the honda classic live online, tv schedule, radio and more|en|honda
570742081360158720|how to watch the honda classic live online, tv schedule, radio and more|en|honda
570742085009207296|rt audi r8 with a special wrap ğŸ‘ğŸ‘|en|audi
570742089975242752|how to watch the honda classic live online, tv schedule, radio and more|en|honda
570742094303793152|how to watch the honda classic live online, tv schedule, radio and more|en|honda
570742097902481408|how to watch the honda classic live online, tv schedule, radio and more|en|honda
570742102663032832|how to watch the honda classic live online, tv schedule, radio and more|en|honda
570742111978594305|rt black matte bmw 6 series|en|bmw
570742119075336192|new post has been published on mullinax lincoln online blog - new post has been published on...|en|lincoln
570742123080904706|i hear ya! check out all of its ford tough features here: what do you love most about the f-150? ^jw|en|ford
570742127291977728|how to watch the honda classic live online, tv schedule, radio and more|en|honda
