"rt yikes, looked out the window this morning and it's the seventies all over again.."
rt #wednesdaywant #groupb one of each please!
"rt hmmm, where to start? c-class dtm maybe?"
now that is stunning! those wheels.... :-)
rt matt glassup totally killing it at this year's #ud ğŸ˜â¤ï¸ #porsche #911 #964 #ultimatedubsuk
rt the low drag e-type blasts is way out of the chicane during testing! #73mm
"rt my perfectly punctual #wednesdaywant is the deeply delicious ferrari dino 196s, of which there are three ğŸ’› htâ€¦"
rt #wednesdaywant then there's always...
rt #wednesdaywant. his 'n' hers!
rt #wednesdaywant #porsche935 #martiniracing what a stunning car! we must have it!
rt #wednesdaywant it just has to be...
rt my #wednesdaywant is the f1 gt
rt #wednesdaywant 1971 skyline
rt #wednesdaywant right there. mom just bought me some brand new shoes... ;))
"rt want to go for a long, long drive. sat at the wheel of a bentley brooklands #wednesdaywant #rolllikeasir"
rt #wednesdaywant
rt for my #wednesdaywant it be this nissan skyline.
rt i think this mercedes 190e will have to be by #wednesdaywant
rt #wednesdaywant ğŸ‘º tvr speed 12 trackday's won't ever be the same again #blackpoolrock
rt an extreme want for one of these beauty's #wednesdaywant
"rt #ferrari 275 gtb beautiful, iconic and timeless. #wednesdaywant"
rt i'll take something green #wednesdaywant
rt love that livery #wednesdaywant crÃ¨me de la kremer
rt #wednesdaywant #porsche935 #martiniracing what a stunning car! we must have it!
"rt dream car, will haunt my dreams til the lottery win comes in. #wednesdaywant"
rt i want this one that i #detailed today #porsche #911t #wednesdaywant
rt #wednesdaywant 1965 #datsun #fairlady 1600 sp311 #cooljapan ğŸ‘
rt i'm feeling saucy. #wednesdaywant i'll take a volvo 850r t-5 please.
rt my #wednesdaywant for this week a 275gts
rt my #wednesdaywant is this #ferrari 275 gtb/c speciale by scaglietti only one of 3... i'll keep dreaming.. â€¦
keeping it old school cool with a porsche 964 turbo ğŸ #wednesdaywant #perfection #gameover
rt gt40
rt 1998 tvr cerbera seen at brooklands supercar sunday 2012..more #tvrcerbera fot:mike garland
rt good morning everyone! â˜• it's hump-day! ğŸ˜Š #porsche... brute in the garage!
"rt this ""no longer underrated"" 2.7 carrera is currently at canford classics for minor works! photoâ€¦"
rt good evening everyone &amp; hello to all our new followers. thanks for following. you'll find us on too.
rt ğŸ’ğŸ’ğŸ’sleeping beauties (part 3 of 3) - hidden treasures of porsche warehouse!ğŸ’ğŸ’ğŸ’ #porsche #warehouse #treasure
rt ğŸ’ğŸ’ğŸ’sleeping beauties (part 2 of 3) - hidden treasures of porsche warehouse!ğŸ’ğŸ’ğŸ’ #porsche #warehouse #treasure
rt ğŸ’ğŸ’ğŸ’sleeping beauties (part 1 of 3) - hidden treasures of porsche warehouse!ğŸ’ğŸ’ğŸ’ #porsche #warehouse #treasure
rt a parade of #porsche..... spot you'res... #classic #supercar
rt
rt take a look - awesome mclaren sports car wallpapers
rt for sale: classic bmw csa e9 1974 with no reserve!:â€¦ #uk #classiccars #cars #carsforsale
"rt morning all - its #motivationmonday had a few days rest, i'm back now. have a great day guys! hâ€¦"
rt hg motorsport open house (by stigsegyptiancousin)
rt ????
rt #porsche 961
even better! you need that picture hanging on display on your garage wall!
"great photos, thanks for sharing. looks pretty special to me ğŸ‘"
rt #porsche #porsche911 #porschelife by ls3photography
rt 997 turbo
rt 997 gt3 rs
rt porsche 911 the very best !!
rt from geneva: bmw experimenting w/water injection into intake manifold. get 8-10% power boost.
rt
rt '76 930 turbo
m power at its best ğŸğŸ‘Š brilliant pictures.
rt awesome #bmw z4 gtlm livery honors famous #imsa 3.0 csl - stunning photography
"rt breakdown cover sorted, let's have some fun before we call them !! #sundayscenario #tvr #speed12"
rt my #sundayscenario
rt #sundayscenario my loved f355!!! ğŸ˜ğŸ˜
rt call me predictable but for the 21st century let's go #stratos :-d #sundayscenario
rt #sundayscenario ? #lfa.
rt #sundayscenario 2005 #fordgt i want ğŸ‘
rt surely we can have a 911 for our #sundayscenario being 2000 until present day
rt i'll take the 412 as my #sundayscenario
rt #sundayscenario sagaris when subtle isn't required. httâ€¦
rt #sundayscenario 2003 360 challenge stradale #bellissima ğŸ’‹
rt #freebiefriday! follow us and #rt for a chance to #win Â£20 game credit! 10 prizes to be won! draw will close on thursdaâ€¦
rt my final #sundayscenario is the stunning #astonmartin v12 zagato. the v12 growl ğŸ“£ ğŸ‘Œ hâ€¦
rt that's my #sundayscenario amazing both inside and outside! ğŸ˜®ğŸ˜®ğŸ˜®ğŸ˜® #ferrari
rt any1 of the great #shumacher #ferrari early 00s filth ğŸ #sundayscenario #f1
rt #audi r8 future classic movie car #ironman #fiftyshadesofgrey everyday supercar #sundayscenario
rt #sundayscenario if we're in the 2000s i'll take what i want to get next. a bmw e39 m5
"rt here's our #sundayscenario; 500 horsepower, wind in your hair, what could be better?"
"rt #sundayscenario ok,it maybe wasn't as difficult as i thought..ğŸ˜…ğŸ’¥"
rt for the #sundayscenario what about the #mc12 ? #darkside #black
rt modern #sundayscenario my budget would put me in a 2016 mx-5 or possibly a gulf r. my heart? nismo gt-r! httâ€¦
rt my 1st #sundayscenario this week is the #wiesmann gt mf5. a pretty unique car...
need to get a porsche 996 c4s from this era in here too! #sundayscenario #savinghard #willhappen
rt #pagani #huayra #aero #sundayscenario
"rt anything speed six for #sundayscenario, as we all like thunder. extra points for being the rarer tuscan 2."
rt #sundayscenario the #porsche911clubcoupe in 'club blau' is simply stunning! limited to 60 cars.
rt presenting the b7 audi rs4. a post 2000 icon. #sundayscenario
rt after yesterday's track session i will choose the ferarri 360 challenge stradale #sundayscenario
rt audi s4 (b8) 3.0 v6 tfsi. first worthy successor to the b5 &amp; retains sleeper credentials. #sundayscenario
"rt it's after the 9pm watershed and no top gear so, think we all deserve a naked zonda. #sundayscenario"
"rt mk2 clio 1*2 rs, any flavour you fancy with the cup suspension. #sundayscenario"
"painted wheels wouldn't work on most cars, except the porsche gt3 rs from the 2000s. #sundayscenario"
rt which would you choose for a sunday drive? #bmw
"rt in 30 mins we honour the current generation of cars... fast, slow, drop top, coupe, let's have it ğŸ‘ #sundayscenario"
rt cool wheels chris!!
rt this one's supercharged (credit to #tvr #cerbera #tvrcerbera
rt #porsche carrera rear-end shot... never gets old. enjoy again!âœŒ
rt for sale: 1990 ford escort rs turbo red: Â£0.99 (0 bids)â€¦ #uk #classiccars #cars #carsforsale
rt lb*performance aventador seems better than a superveloce. what' you think? #lamborghini #lambopsyche #lambonation #â€¦
rt #porsche #porsche911 #porschelife by trackfrogs
rt #porsche #porsche911 #porschelife by richcarsfr
rt
rt (mt) an
"rt some additional phone shots from #geneva last week, including a lurrrvely #renault alpine ğŸ‘ #bmw #alfa #hamman"
you will never regret it!
320 followers! thanks guys! seems appropriate to show a pic of my own car :) my bmw 320cd m sport #perfection
rt 911
rt ford gt60 &amp; ferrari 512s.le mans
rt !!!
rt #porsche #porsche911 #porschelife by southwalescarclub
rt 360 cs vs. 512bb lm #testdrive #mexico
wow! that is just amazing!
rt . every #rs ever made in one gallery
"- i totally agree, that colour really works well. ğŸ‘"
rt #porscheğŸ’š
rt #porscheğŸ’™
rt laugh of the day! and you thought you was having a bad day.
rt want to own a castrol-branded &amp; raise money for can help
rt . #throwbackthursday the big6 was the boss of the road
"rt a beautiful example of a flying spur in dark cashmere with linen interior, available now for immediate delivery!"
rt #porsche #porsche911 #porschelife by stylishmansguide
rt good morning everyone.... have a great #targathursday #porsche #classic
"rt forget stand-up desks. our factory's â€œchairless chairsâ€ let you sit, stand, or even moonwalk."
rt h o r n y - yup it has that effect ğŸ˜³ //#porsche #porsche918 #918spyder #carporn #exoticcâ€¦
rt porsche gt3 rs -- partner pictures ğŸ™‹ ---------
rt â—¼ï¸â—»ï¸âœ”ï¸ #porsche #porscheturbo #porscheturbo997 #911 #gen1 #4wd #flatsix #3point6 #bigbum #bighips #twinturbo #boostâ€¦
rt
rt xxğŸ’›
i would never of believed it! that is wrong on so many different levels... ğŸ‘
rt soul mates lol!
rt happy #throwbackthursday guys! we are loving this gulf #citroen ami 6
does anything not look good in full gulf war paint? love it ğŸ‘
rt it's getting new shoes for 2015 show season ğŸ™ˆ httâ€¦
"wow, they look seriously good. can't wait to see them on! thanks for showing ğŸ˜Š"
rt #renault 5 turbo legend!
rt today's paint correction and protection project
rt #renault 5 turbo
rt race the night away
rt #wednesdaywant mid-engined renault 5 turbo2.....
rt #wednesdaywant #porsche singer 964 end of build. ğŸ˜ #porsche911 #porsche964 #want quality
rt both beauty and beast :))))) #f40
rt my almost untardy #wednesdaywant for this week is the spectacular 288gto evoluzione ğŸ˜˜
rt we have proof that was prepared for the #topgear #fracas - #onlymotors
rt #porsche 964 - 1989 #porsche964... ğŸ˜
rt playtime :) bit of oppo may be required!
rt #wednesdaywant perfect sounding 360cs! ğŸ˜
rt unmolested 22b. go on then. #wednesdaywant
rt my #wednesdaywant is this #ferrari 250gt california spyder loving this colour combo...
"there is only one... 911 in every guise, from every era... ğŸ˜"
rt lotus 26r. #gimmiegimmiegimmie #wednesdaywant
"ğŸ˜Š different is good sometimes, i know your a porsche person really though..."
rt saw a photo of this today. it's my #wednesdaywant from hertz penske gt.
rt oak green mk2 gti with gold bbs yummy! #wednesdaywant
rt i don't usually find size zero attractive but the de tomaso vallelunga is an exception #wednesdaywant
rt my #wednesdaywant this week for has got to be this insane blue f40 shot by my pal â€¦
rt #wednesdaywant love this!
rt #wednesdaywant taken at in the
rt #caferoadster #wednesdaywant
what a stunner! ğŸ‘#perfection
"rt #wednesdaywant trackday, donington or just my gt3. today i want all or any of these things."
rt my #wednesdaywant the f80 m3 in individual azurite black!
rt a most definite #wednesdaywant #porsche #1600
rt #wednesdaywant this bonkers porsche rauh-welt begriff pictures -
rt i'll take the.........white one :) #porsche #wednesdaywant
rt yes please. #wednesdaywant
rt i'll take the merc please...#wednesdaywant
"rt my #wednesdaywant is one from earlier this week, but worth seeing again! the ferrari 288 gto evoluzione ğŸ‘Œ hâ€¦"
"rt i first met her in paris, then in geneva, and i fell in love #wednesdaywant #amggt"
rt having two. don't care. deal with it #wednesdaywant
rt this is our #wednesdaywant this week #porsche911 #turbo #aerokit
rt my #wednesdaywant #ferrari 599 gto
rt my #wednesdaywant is cheating a little :) i'll take any of these (preferably the quattro!)
rt i rather fancy one of these - in this colour.... #wednesdaywant
going super clean and green tonight with a classic porsche 911 c2 #964 #wednesdaywant
"rt had enough of facebook? join in the conversation with our digital car meet, in one hours time ğŸ‘ #wednesdaywant"
rt late night shopping! 991 gt3 w/ nose lift &amp; &lt;1k miles now in stock. too new for the website so call us: 01923 269 788
rt #seventies and #eighties colour #porsche
rt #porsche line up at the #pca #porscheclubofamerica monthly breakfast #porsche912 #porsche911 #porsche911turbo #porsâ€¦
rt disgusting pls rt and get this statue back..... sarah payne's mum 'sick' after statue stolen
rt porsche 912e 1976 â–â–â–â–â–â–â–â–â–â–â–â–â–â–â– #porsche912 #912 #porsche #porsche911 #porsche911turbo #911 #911turbo #porsche930â€¦
rt car guys
rt #porsche #porsche911 #porschelife by singervehicledesign
rt #porsche #porsche911 #porschelife by autocars1
rt specification 1 of prototype8 - thanks so much to the folks at genesistek for making it!
rt #porsche #porsche911 #porschelife by wramsey918
rt grab the latest magazine to read about an rs2.7 #porsche we have for sale
rt
rt
rt
rt #porsche #datsun #racecar #240z #porsche911 #igniteperformance #drivetastefully #becauseracecar
rt #porsche #porsche911 #ferrari #daytona #datsun #vipergts #acrviper #racecar #becauseracecar #vintageracing #ruf #drâ€¦
rt
rt
rt wouldn't need anyone else.. i can do all the talking ğŸ˜‚ğŸ˜‚
"rt for sale: ford escort rs2000 mk 1 avo: Â£19,950.00 endâ€¦ #uk #classiccars #cars #carsforsale"
rt you can stop looking team.. i've found the end of the rainbow ğŸ‘ pic -&gt; protze automotive photography #bmw #want
rt the next best cars ever porsche
"rt wanted: new presenter for top gear. applicant should be old, badly dressed and pedantic but capable of getting to work â€¦"
rt
rt
rt
rt
rt
