"good price: 2013 lexus lx 570, for sale.: my used 2013 lexus lx 570 for sale, with very low mileage, affordab..."
"lexus lx 570 2013 – full option: am willing to sell off my lexus vehicle as soon as possible,it has been well ..."
apply for loan: do you need an urgent loan for business or need to pay bills at 3% interest rate? we give out ...
"beautiful cheetah cubs and white lion for sale: we have young cheetah, lion, tiger cubs on sale.they are very ..."
sales 2013 lexus lx 570 full options: my 2013 lexus lx 570 just iike new and well maintain low km and no accid...
"f1 savannah , serval and cheetah kittens for sale: f1 savannah , serval and cheetah kittens for sale we have t..."
100% original luxury gold iphone 6 (4.7 ) elite: 100% original luxury gold iphone 6 (4.7 ) elite the new iphon...
for sell brand new segway x2 /i2/x2 golf: 100% original segway x2 se golf/ segway x2 golf all our prices inclu...
"good price: 2013 lexus lx 570, for sale.: my used 2013 lexus lx 570 for sale, with very low mileage, affordab..."
website design web development company bahadurgarh: mywebsolution: mywebsolution offers website design | web d...
lexus lx570 2013 for sale used: thanks for viewing my suv advert placed. i am selling my slightly used lexus l...
bring back lost lover- call sheik mubaraka +27787609980: black magic lost love spells call sheik +27797951378 ...
advert of my lexus es 350 2013 car: peace be on whoever is reading my advert as it is placed on displaying my ...
"urgent my 2013 lexus lx 570 for sale: viewer, i am selling my neatly used lexus lx 570 2013 for just $18,000 u..."
"lexus lx 570 2011 white color: i would like to sell my suv lexus lx 570 2011 mileage: 46,572 km fuel: gasoline..."
2011 lexus lx 570 car for sale: i am selling my use single owner car used in a perfect condition without any a...
buy a euroline 2 slice pop up toaster at just rs. 700.start your morning with well toasted breakfast get 5%....
"supplying skilled and unskilled vietnamese manpower to work abroad !: dear sir/madam, we are vmst-vietnam manp..."
"loan approval in 60mins ! apply now: a licensed loan lender, we offer affordable loan at 3% interest rate avai..."
ssd solution for cleaning defaced banknotes (anti-breeze): we are specialized in chemistry for anti-breeze ban...
urgent sale toyota land cruiser 2011 suv: toyota land cruiser 2011 is in excellent condition and 100% reliable...
"we offer fast approved loan to meet your financial needs,apply now: we provide personal loans for debt consoli..."
personal loan 24-hour- service guarantee terms and condition: do you need personal loan? business cash loan? u...
"buy my,2013 toyota land cruiser, suv.: peace to you. i need to sell my toyota land cruiser 2013 model urgently..."
"buy less expensive web services in saudi arabia: pencil.sa delivers all web services (development, designing, ..."
criteria of hrdf scholarship for leadership: human resource development fund (hrdf) scholarship for world clas...
we offer cash loan instantly..: do you need an urgent loan for business or need to pay bills at 3% interest r...
"2013 lexus lx 570 v8 for sale: am willing to sell off my lexus vehicle as soon as possible,it has been well ma..."
automatic lexus es 350 2013 sedan car: peace be on whoever is reading my advert as it is placed on displaying ...
"selling: 2013 lexus lx 570, gulf specs.: japanese used 2013 lexus lx 570 for sale, with very low mileage, affo..."
urgent sale lexus lx570 2013 ( gulf spec ) call or whatsapp chat +601133331104: lexus lx570 2013 ( gulf spec ...
"2013 lexus lx 570 v8 for sale: am willing to sell off my lexus vehicle as soon as possible,it has been well ma..."
"need driver,plumber,sweeper or cook from pakistan?: warm greeting’s from ghazi overseas employment pakistan. a..."
lovely male and female british short hair kittens: our beautiful british short hair kittens are now ready to g...
sales 2013 lexus lx 570 full options: my 2013 lexus lx 570 just iike new and well maintain low km and no accid...
2014 toyota tundra sr5: in good condition at a very affordable price without no mechanical and physical proble...
"well tamed leopards cubs, cheetah cubs, tiger cubs, kinkajou and fennec fox for sale: well tamed leopards cubs..."
"well tamed leopards cubs, cheetah cubs, tiger cubs, kinkajou and fennec fox for sale: well tamed leopards cubs..."
offer htc one m8 $320/apple iphone 5s 16gb $300/samsung galaxy note 3 + gear $300 new: buy 2 get 1 free. app...
(latest model) sony xperia z3/galaxy note 4/blackberry passport/apple iphone 6 new: buy 2 get 1 free. apple 1y...
neat 2014 lexus lx 570 for sale: i want to sell my fairly used 2014 lexus lx 570 car is barely used and bought...
overseas recruitment: warm greeting’s from ghazi overseas employment pakistan. are you planning to source prof...
"wts : apple iphone 6 128gb , samsung note 4 , s5 , whatsapp : +447468964579: assalamu alaikum sarabis phones® ..."
"wts : apple iphone 6 128gb , samsung note 4 , s5 , whatsapp : +447468964579: assalamu alaikum sarabis phones® ..."
"well tamed cheetah cubs,tiger cubs, cougar cubs, jaguar cubs,leopard cubs,black panther babies,lion: cheetah c..."
"2011 model lexus lx 570 4x4: i would like to sell my suv lexus lx 570 2011 mileage: 46,572 km fuel: gasoline e..."
offer sale:toyota land cruiser 2013 gulf specs.: peace to you. selling my japanese made toyota land cruiser 20...
"online data evaluation and categorization: the work evaluate, analyze and categorize website content, search q..."
"online data evaluation and categorization: the work evaluate, analyze and categorize website content, search q..."
"online data evaluation and categorization: the work evaluate, analyze and categorize website content, search q..."
"online data evaluation and categorization: the work evaluate, analyze and categorize website content, search q..."
"online data evaluation and categorization: the work evaluate, analyze and categorize website content, search q..."
"online data evaluation and categorization: the work evaluate, analyze and categorize website content, search q..."
innov8tive design and development services: innov8tive design and development deliver excellent web developing...
"lexus lx 570 model 2013 gulf: am willing to sell off my lexus vehicle as soon as possible,it has been well mai..."
2014 toyota land cruiser prado: new toyota land cruiser prado tx9 4x4 5 speed manuel gear box 9 seats with fab...
"apple iphone 6,6 plus,samsung,sony,ipad,htc,lg wholesale: apple iphone 6,6 plus,samsung,sony,ipad,htc,lg whole..."
"custom web design and development philippines: with innov8tive design and development, we can provide you a go..."
"my 2013 lexus lx 570, for sale: my name is aaban aadil and i want to sell my 2013 lexus lx 570 and the car has..."
"wts: apple iphone 6 64gb/128gb, 6 plus,blackberry passport,samsung galaxy s5 32gb: we specialized in the distr..."
sales 2013 lexus lx 570 full options: my 2013 lexus lx 570 just iike new and well maintain low km and no accid...
"cheetahs cubs, white &amp; siberian tigers and lion cubs for sale: cheetah cub,fennec foxes,and other exotic pets ..."
parrot and fresh fertiles eggs available: available in stock are fresh and fertile tested parrot eggs and babi...
"2011 toyota land cruiser neatly used: toyota land cruiser 2011 is in excellent condition and 100% reliable,am ..."
"low price:- 2013 lexus lx 570 for sale: japanese made, used 2013 lexus lx 570 for sale, with very low mileage,..."
inventory-management-software: inventory management software inventory management is like a life line of any m...
"college-and-school-management-software at microtelesoft: buy college, school, education institute, software, c..."
hospital-management-software at microtelesoft: hospital management software (hms) microtelesoft is a software ...
hotel-management-software at microtelesoft: hotel management software microtelesoft’s hotel management softwar...
mobile-application-development at microtelesoft: top &amp; best software development company in india and usa for ...
"supplying global manpower solution from vmst: dear sir/ madam, vietnam manpower service and trading joint stoc..."
urgent sale of my 2013 lexus es 350 car: peace be on whoever is reading my advert as it is placed on displayin...
tamed cheetah cubs for sale (email: ): breed: cheetah cubs – females and males available ...
tamed cheetah cubs for sale: breed: cheetah cubs – females and males available weight: 6.52 – 7.30 lbs . age (...
tamed cheetah cubs for sale (email: ): breed: cheetah cubs – females and males available ...
"2011 lexus lx 570, no accident: i would like to sell my suv lexus lx 570 2011 mileage: 46,572 km fuel: gasolin..."
"sale: 2013 toyota land cruiser gcc specs..: toyota land cruiser 2013 model urgently(gcc specs), japanese made..."
+27836217755bring back lost love and lost love spell caster in south africa: bring back your lost lover same d...
"best selling of congo gold in africa call mmabatho +27734861958: alluvial gold nuggets, purity: gold nuggets 9..."
pact erp software for accoun inven om prod hr&amp;payroll call 0559068280: the most of the companies use the softw...
pact erp software for accoun inven om prod hr&amp;payroll call 0559068280: the most of the companies use the softw...
2014 toyota highlander hybrid: 6 month used full option still clean as new first owner leather interior and al...
"my car for sale, the car is a 2014 lexus lx570: thanks for viewing my ad placed, my ad is basically placed reg..."
"online tutor saudi arabia – online tuition saudi arabia: online tutor saudi arabia, online o/a level and feder..."
one bed room hotel apartment in the signature dubai for holiday rent: one bed room hotel apartment in the sign...
apple iphons 6 64gb–6 16gb –128gb apple iphone 5s 64gb 32gb 16gb brand new: apple iphons 6 64gb–6 16gb –128gb ...
blackberry passport sqw100-1 black 32gb sim free unlocked 4g: apple iphons 6 64gb–6 16gb –128gb apple iphone 5...
apple iphone 6+128gb: apple iphons 6 64gb–6 16gb –128gb apple iphone 5s 64gb 32gb 16gb brand new warranty: 1 y...
lg bh9431pw 9.1 channel 1460w 3d aramid fiber smart home theater system: apple iphons 6 64gb–6 16gb –128gb app...
yamaha tyros5-76 arranger workstation keyboard complete home bundle: apple iphons 6 64gb–6 16gb –128gb apple i...
samsung galaxy s6 edge 128gb 4g lte – white pearl: apple iphons 6 64gb–6 16gb –128gb apple iphone 5s 64gb 32gb...
htc one (m9) dual sim android phone 10 gb – wcdma (umts) / gsm – gunmetal-grau: apple iphons 6 64gb–6 16gb –12...
samsung galaxy note 4 sm-n910 unlocked 32gb phone 5.7″ qhd/exynos octa-core/16mp: apple iphons 6 64gb–6 16gb –...
apple iphons 6 64gb–6 16gb –128gb apple iphone 5s 64gb 32gb 16gb brand new: apple iphons 6 64gb–6 16gb –128gb ...
"my 2013 lexus lx 570, for sale !: reduced price.. my used 2013 lexus lx 570 for sale, with very low mileage, a..."
"2013 lexus lx 570 on sales: 2013 lexus lx 570 for sale , it is still very clean like new, it is gcc specificat..."
"2014 gulf lexus lx570: 2014 gulf lexus lx570 , gulf specifications, €20000 eur very clean interior and very cl..."
arthoscopic meniscal surgery knee replacment: knee replacement is required for advanced arthritis of the knee ...
unilateral total knee replacement surgery: the most common reason for a bilateral total knee replacement is ...
bilateral total knee replacement surgery: the most common reason for a bilateral total knee replacement is sev...
"we offer all kinds of loan: we give out finance to interested individuals who are seeking finance seriously , ..."
automatic lexus es 350 2013 sedan car: peace be on whoever is reading my advert as it is placed on displaying ...
"selling 2013 lexus lx 570 4wd: am willing to sell off my lexus vehicle as soon as possible,it has been well ma..."
suv used lexus lx 570 2011 car: suv used lexus lx 570 2011 car i am selling my use single owner car used in a ...
for sell brand new apple iphone 6 16gb: interested buyer should please contact on: skype:sproductltd mail:spro...
"toyota land cruiser gxr 2011, gcc spec: toyota land cruiser 2011 is in excellent condition and 100% reliable,a..."
"2013 toyota land cruiser, for sale..: affordable price! i need to sell my japanese made toyota land cruiser 20..."
"hot price: apple iphone 6 and 6 plus,apple ipad 5 air (whatsapp +254723693413): email us at:"
buy and invest property in toronto canada: are you interested in investing in toronto. build wealth and assets...
"2013 lexus lx570 – $25,000 usd: for questions about the car, kindly send me an email ..."
selling used sedan lexus es 350 2013 car: peace be on whoever is reading my advert as it is placed on displayi...
"lexus lx 570 2011 v8, expat driven: i would like to sell my suv lexus lx 570 2011 mileage: 46,572 km fuel: gas..."
email processing jobs – instant payments: work at home as an order processor. get paid instantly for each orde...
"fairly used 2006 toyota land cruiser: 2006 toyota land cruiser, single owner, no accident history, leather, su..."
"buy new apple iphone 6 plus 64gb,samsung note 4: our product are all original brand new phones sealed in it or..."
"we offer cash loan instantly..: do you need a loan?. look no further!!! we, guarantees you fully certified lo..."
"f/s apple iphone 6 &amp; 6plus, samsung, blackberry: contact us now on email to get discount prices on sales email..."
"how i got my loan from a legitimate money lender: hello everyone, my name is mr hoffman smith, i am from canad..."
"testimony on how i get my loan: hello everyone, my name is mr hoffman smith, i am from canada, am here to test..."
"2013 lexus lx570 – $25,000 usd: for questions about the car, kindly send me an email ..."
wholesale : apple iphone 6/6 plus/samsung note 4/samsung s5 (whatsapp: +2348187647827): buy brand new for sale...
"buy ielts, degree, diplomas &amp; all english language certificates: buy ielts, degree, diplomas &amp; all english lan..."
"used 2013 kawasaki ninja 650, yamaha, suzuki, honda and other motorcycles: 2013 kawasaki ninja 650, 2013 ninja..."
audi a4 for urgent sale: make: audi model: a4 mileage: 147.955 kms year: 2008 type of car: 4-door condition: u...
"2013 toyota land cruiser: this 2013 toyota land cruiser is ‘fully loaded’ model, ‘full option’. 381-horsepower..."
beauty clinic skin care products +27791505015 dr peter: beauty clinic skin care products +27791505015 dr peter...
"enlarge or reduce (slimming) of breasts, hips, bums, thighs, lips, tummy, legs and other body parts: enlarge o..."
lady driven 2011 lexus lx 570 jeep full option: my advert is basically placed regarding my car for sale “2011 ...
2014 highlander hybrid for sale: 6 month used alloy rims leather interior full option first owner my email : r...
"(whatsapp +2348095197651) apple iphone 6,6+,sony xperia z3,galaxy note 4: (whatsapp +2348095197651)apple iphon..."
"sony xperia z3,galaxy note 4 (whatsapp +2348095197651): (whatsapp +2348095197651)apple iphone 6,6+,sony xperi..."
"(whatsapp +2348095197651)apple iphone 6,6+,sony xperia z3,galaxy note 4: (whatsapp +2348095197651)apple iphone..."
brand new 2x pioneer cdj-1000mk3 &amp; 1x djm-800 mixer dj package + 1hdj 2000 headphones.: brand new 2x pioneer c...
for sale of my lexus lx 570 2011 car: i am selling my use single owner car used in a perfect condition without...
"research chemicals ephedrines,ketamine,sex pills,weed,medical marijuana and steroids.: e sell and supply high ..."
"100% organic horse feed, rabbit feed, cattle feed grade alfalfa pellets.: 100% organic horse feed, rabbit feed..."
horse feed: we are a us based company that sells highest carotene alfalfa pellets that are grown in ukraine. u...
apple iphone 6plus 128gb: bbm pin: 2bb303af whatsapp: +2348053141686 apple iphone 6 plus &amp; apple iphone 5s gol...
plc scada dcs field instrumentation esd/sis fgs training in chennai india from industry experienced profession...
agriculture workers – the best choice for your success!: vietnam is one of the food &amp; agriculture powerhouses ...
"abortion womens clinic in alberton, bapsfontein, bedfordview,benoni, boksburg, brakpan, daveyton, dawn park, d..."
"for sale my gulf 2014 lexus lx570 , full options: ?? my excellent condition suv car, 2014 lexus lx 570 full o..."
we cleans black money with ssd chemical solution zwv8 model call: 0091-8860873241.: we are manufacturer and se...
"2013 rolls-royce ghost: 2013 rolls-royce ghost mileage: 2,767 body style: sedan exterior color: white interior..."
are you having financial difficulties?: do you need a loan? we offer all kinds of loans to individuals and com...
"buy: iphone 6 plus, iphone 6, iphone 5s, samsung note 4, blackberry passport: we are authorized dealer and su..."
buy my: sedan lexus es 350 2013 car: peace be on whoever is reading my advert as it is placed on displaying my...
"toyota land cruiser model 2011: toyota land cruiser 2011 is in excellent condition and 100% reliable,am the fi..."
my neat suv lexus lx 570 2011 car: my neat suv lexus lx 570 2011 car i am selling my use single owner car used...
rare serval and f1 savannah kittens available.: we have new litters of serval and f1 savannah kittens availabl...
used 2013 toyota land cruiser 4wd – suv: i want to sell my neatly used 2013 toyota land cruiser car is barely ...
"2013 lexus lx 570 v8 reduced price for sale: my used 2013 lexus lx 570 for sale, with very low mileage, affo..."
"for sale urgently my 2014 lexus lx570: my ad is basically placed regarding my car for sale , 2014 lexus lx570 ..."
"selling my 2013 toyota land cruiser v8: i want to sell my used 2013 toyota land cruiser v8, ($18,000), i am th..."
"savannah, bengal and serval kitens new litters available, pet and breeder cat/kittens: serval kittens with f1 ..."
unlocked apple iphone 6 &amp; 6 plus/ samsung galaxy note 4/blackberry passport(bbm pin: 27406a68): apple iphone 6...
"for sale: canon eos 5d mark ii 21mp dslr camera with 24-105mm is lens, nikon d90 slr digital camera.: brand ne..."
white lexus lx570 2013 model full option for sale: lexus lx570 2013 am interested selling my 5 months used lex...
oil and gas recruitment: ajeet’s an overseas manpower job consultancy in india is a rapid paced and fast growi...
"get all web services from single platform on 40% discount: pencil agency is a riyadh in saudi arabia based, co..."
oil and gas recruitment: ajeet’s an overseas manpower job consultancy in india is a rapid paced and fast growi...
used sedan lexus es 350 2013 car: peace be on whoever is reading my advert as it is placed on displaying my ne...
"contact us for any kind of loan ..: we are certified, reputable, legitimate financial company an we are infor..."
"toyota land cruiser 2013 for sale, gulf specs..: japanese made 2013 toyota land cruiser i need to sell my toyo..."
"2011 – lexus lx 570 suv for sale: i would like to sell my suv lexus lx 570 2011 mileage: 46,572 km fuel: gasol..."
"2013 gulf gmc yukon denali: 2013 gmc yukon xl denali, gulf specs , excellent condition, perfect inside and ou..."
learn web design &amp; development quick &amp; easy steps (online classes available): introduction to web design &amp; dev...
my neat used lexus lx 570 2011 car: i am selling my use single owner car used in a perfect condition without a...
"2013 lexus lx 570 4x4, full options: am willing to sell off my lexus vehicle as soon as possible,it has been w..."
"low price: 2013 lexus lx 570 gulf specs.: my 2013 lexus lx 570 for sale, with very low mileage, affordable pri..."
wholesale apple iphone 6/6 plus: ( viber &amp; what’sapp chat ) : +254707792309 samsung galaxy a5 at 600 usd &amp; sam...
wholesale apple iphone 6/6 plus: ( viber &amp; what’sapp chat ) : +254707792309 samsung galaxy a5 at 600 usd &amp; sam...
wholesale apple iphone 6/6 plus/samsung galaxy note 4/sony xperia z3 (what’sapp) +254707792309: ( viber &amp; what...
royal palace door &amp; furniture: about our product who doesn’t desire for a dream house? almost all do. sometime...
"0780273697 dr ambroses abortion clinic mafikeng-north west(pills for sale): we provide legal, personalized and..."
"0780273697 dr ambroses abortion clinic kempton park-tembisa(pills for sale): we provide legal, personalized an..."
ceylon tea: buy ceylon tea. pure ceylon black tea. loose tea &amp; tea bags. many brands. directly shipping from s...
"2014 lexus lx570 full options gcc specs: excellent condition , low mileage, clean user , gcc specifications ,p..."
it company providing web design and development in jeddah: reynex provides web design and website development ...
"pay cash loan: hello to all in need of loans,i am a private money lenders. i give out loans to business firms ..."
"hyacinth macaws for sale: hello, i have a pair of hyacinth macaws for sale. they are good talkers and very wel..."
"join for free the great illuminate global family, change ur life +27789507524: join for free the great illumin..."
"green world group provide mega offer for nebosh course in yanbu, saudi arabia at 5000/- sar only and along wit..."
"factory unlocked apple iphone 6, 6 plus: name:::: nassor salum ali website::: whats..."
"toyota land cruiser 2011 v8 sale: toyota land cruiser 2011 is in excellent condition and 100% reliable,am the ..."
"brunei city well loan company.: we are certified, reputable, legitimate financial company an we are informing ..."
"mr juaine bin. c.e.o: we give out finance to interested individuals who are seeking finance seriously , we giv..."
"apple iphone 6 plus , apple iphone 6: permission to post admin!!! asalaam.o.alaikum warahmatullah wabarakatuh...."
"caracals and serval kittens available for sale: we are pets breeders specialisize in exotic cats , we have ava..."
"manpower service from sri lanka, bangladesh &amp; kenya: greeting from al afrah enterprises…… i would like to take..."
"we offer quick approved loan at low interest rate,apply now!: we provide personal loans for debt consolidation..."
"apple iphone 5s 64gb (unlocked)………..$400.00: add up whatsapp,call,sms :+254726277924 /+1-626-789-5620. we offe..."
careers international – indian manpower consultant: do you want to tie up with best indian manpower consultan...
skilled and un-skilled construction workers from vmst: vietnam manpower service and trading joint stock compan...
"wireless nurse call system, wireless attendant calling system: forbix semicon is a manufacturing factory compa..."
"2014 lexus lx570 gulf suv: a 2014 gulf lexus lx570, 2014 lexus lx570. clean, perfect condition and almost new ..."
"full option 2011 lexus lx 570: i would like to sell my suv lexus lx 570 2011 mileage: 46,572 km fuel: gasoline..."
.buy my 2013 toyota land cruiser v8.: toyota land cruiser 2013 model urgently(gcc specs) for immediate sale.i ...
"2012 toyota land cruiser: reason for sale: owner relocated perfect working condition no accident, no mechanica..."
full option suv lexus lx 570 2011 car: i am selling my use single owner car used in a perfect condition withou...
