"a2z events solutions management promoted by mr ijaz ali,: a2z events solutions management promoted by mr ijaz ..."
"buy authentic work permit , id cards, driver's license etc: we are unique producer of authentic and high quali..."
ready to constructions approved plot sale in jemi ethiraj nagar annenx at mappedu junction…: ready to co...
house movers packers shifters uae 050 5064 137 irfan: professional movers &amp; packers in u.a.e. we can server a...
"online jobs earn rs,10 per form filling jobs free to join: home based jobs earn money without investment form..."
offer-data entry jobs for house wives / students / bachelor / part time typist required: offer-part time data ...
"guaranteed income copy paste internet job: earn up to rs. 30,000 per month through simple online copy/paste wo..."
utilize your free time on computer &amp; earn: great work at home job opportunity. earn real money working on the ...
"free siberian husky puppies (406) 530-9587: we have two amazing siberian husky puppies, a male and female. the..."
doner kebab gyros machines: we are planing&amp;set up kebab shops and kebab factories worldwide.complete doner keb...
"buy novelty passports,buy novelty id card,buy novelty drivers license quality nov..."
birthday party organizers vashi: party poppers is the pioneer of educational and theme based birthday parties ...
website design - website redesign - web hosting - email solutions: og software solutions is chennai apply inn...
amarres! 7 brujos negros!: amarres! 7 brujos negros!! amarres! se cuidadoso!! que no te engaÑen falsos brujos ...
"project job opportunities: simple online easy job, good payment. need urgently more than 100+ data operators. ..."
"with the best design trends that rightly dressed the pakistan society,: with the best design trends that right..."
"buy fake/real passport,driver license,id cards,birth certificate,diplomas,ssn etc: data base registered real a..."
website design - website redesign - web hosting - email solutions: og software solutions is chennai apply inno...
"hire unlimited reseller hosting only from cheapresellerhost: opening online business? great idea, but worrying..."
"guaranteed income part/full time job at home: earn up to rs. 30,000 per month through simple online copy/paste..."
"(whatsapp:+254700715763) brand new apple iphone 6, 6 plus: contact us for price and procedure on how to order ..."
yes! it’s correct that a high-quality wedding decorator (a2z events solutions: yes! it’s correct that a high-q...
"blue land tours and travels: best of kerala package about the package (cochin, munnar, periyar, kumarakom/a..."
mytruehost’s 1 dollar hosting plan- awesome to have: looking for 1 dollar hosting services? easily get it with...
"online jobs in india - without any investment: are you looking for home-based online jobs? are you a student, ..."
husband wife disputes solutions specialist+91-9779392437: astrologer sumit jindal is a well known best astrolo...
easy earning form filling job at now you can fix your monthly income. no fake commitmen...
"ad posting job with advanced payment: no fake commitment. 100% legitimate, genuine &amp; scam free ad posting job...."
"am selling my lexus lx570 used best offer ad also negotiable: this is regarding my used 2013 lexus lx570, i am..."
you need a dependable partner to cover all detail and the inevitable.: you need a dependable partner to cover ...
micromax canvas 4 a210: micromax canvas 4 a210 is a new addition to the brand's canvas lineup of smartphones. ...
earn money online at genuine &amp; easy job offer from bristol. just invest some time and t...
"jetmaster vic - gas, wood or electric fireplaces melbourne: jetmaster heat &amp; glo have australia’s most compreh..."
"earn up to rs. 30,000 per month at bristol: 100% legitimate, genuine &amp; scam free online copy/paste jobs. no wo..."
deceptions combined with total untruths concerning laptop cpu fan and keyboard: greatest formula for the lapto...
"purchase real and novelty passports,id cards,visas,drivers license ,permits for all countries: are you trying ..."
"april 3 - 16 - vacation villa 2 bedrooms, cable tv, kitchen: comfortable vacation villa just 5 minutes away fr..."
"apply for real and novelty passports,driver's licenses,id cards purchase real and..."
apple iphone 6 16gb/ whataspp +254727202628: we sell and supply original brand new product here in our company...
genuine easy work from home jobs: just invest some time and take money directly to your bank account. work in ...
"old age homes in trivandrum: kripalayam old age home located at ulloor junction, medical college road, trivand..."
wow*** lovely t-cup pomeranian puppies available text (701) 660-2572.: surprise your love once with our teac...
iphones 6 &amp; 6 plus available in color gold &amp; silver black &amp; white.: e-mail
dell inspiron 15r 5537: dell inspiron 15r 5537 laptop is designed with gaming as its main purpose and is avai...
"part time/full time jobs, per month income rs.45,000/-: salary rs.45,000/- per month, data entry jobs in india..."
"work at home-part time job-franchise offer-business promotion in bhopal, madhya pradesh, india: take the franc..."
bristol ad posting job for home worker: easy way to earn real money at home. you can earn rs.10/- for each and...
vacation classes in trivandrum: aceware technologies pvt ltd is organizing a summer camp for school going stud...
contractor plumbing dan renovation mohd afik 017 3164457 wangsa maju: perhidmatan kami ubahsuai rumah &amp; pejaba...
samsung galaxy note 2 n7100: the samsung galaxy note ii is a titanium gray colored smartphone running the andr...
"sell various pdc cutters: professionally processing and sell various pdc cutters: flat, helmet, ball, bread, c..."
best counterfeit euro &amp; dollar visas etc: we offer high quality f ake...
all colors are there in a home where wedding event is taking place: all colors are there in a home where weddi...
certificate attestation in trivandrum: cyber overseas attestation is a specialist in v...
start franchise business with zero cost: one can earn rs.50000/-+ per month by taking our franchise opportunit...
monitor your product details using barcode generator software: barcode generator software is very helpful for ...
bristol easy advertisement job join now: post free ads provided by different company and earn money. minimum p...
"easy copy paste &amp; slow typing job at home: your salary is not enough for you?? don’t worry, just give us 1 to ..."
a well structured and decorated farm house or a banquet hall will prove your taste and class.: a well structur...
cute english bulldog puppies: we have the best puppies u can find in the world contact via (425) 551-7280
urgent opportunity: javanese transcriber (native speaker): urgent opportunity: javanese transcriber (native sp...
"konraktor renovation and plumbing taman putra indah rizal 0123905895: rizal renovation and plumbing , ( co , 0..."
very near heat choco lab rush sale or swap: near heat choco labrador rush sale or swap nice built prolific b...
wow **cute outstanding t-cup pomeranian puppies ready text (701) 660-2572.: surprise your love once with our ...
i failed to realize that!: top nine laptop cpu fan and keyboard of this decade: wassup? assembled we can try t...
earn some extra money in your spare time: bristol offers genuine part time jobs. no earning limitation. paymen...
work at home: weekly /monthly payout: you can earn rs10000 - 30000 in month from computer typing &amp; copy works....
"ultimate data entry with free processing job: work at home as a typist for over 10,000 companies. get paid eve..."
"a wedding is a milestone in your life, for you and your loved ones, a day to celebrate: a wedding is a milesto..."
professor peer hasnie sahab (0092-300-4202318): professor peer hasnie sahab (0092-300-4202318) one call and s...
urgent!!! hiring of sales trainee: be part of our growing team. apply for a sales trainee with the ff: job des...
"good opportunity to work as a hr. recruiterjob profile: part time/full time jobs, per month income rs.45,000/-..."
govt. form filling job at easy form filling jobs available rs 3.00 to rs 6.00 per form ...
best ielts training centre in trivandrum: “ empower “ institute of english and professional development is tr...
"genuine part time job at do you want to earn rs 10,000/- to rs 30,000/- per month. if y..."
dell inspiron 15r 5537: dell inspiron 15r 5537 laptop is designed with gaming as its main purpose and is avai...
"nokia lumia 510: nokia’s new microsoft’s windows phone which was unveiled on 23rd september, 2012 is now avail..."
copy paste job free at just invest some time and get money directly at your bank accoun...
ad posting job free at just invest some time and take money directly to your bank accou...
online from writing work: get yourself involved in online form writing work. writing online forms in your spar...
new original apple iphone 6 plus: discount sales !!! sale !!! discount sales !!! we are now selling brand new...
a marriage is definitely life's essential and the most pleasant event: a marriage is definitely life's essenti...
vacation classes in trivandrum: aceware technologies pvt ltd is organizing a summer camp for school going stud...
we are specialized in the breeding of birds/parrots: we are specialized in the breeding of birds/parrots and w...
"testimony on how i got my loan: god has bless me with three kids and a loving husband, i promise to share thi..."
ad posting job with daily/weekly payment: still not earning from internet? don’t worry! bristol offers genuine...
part time job: work from home online jobs available in royal info service. work 2-3 hours per day and earn up...
"sweet maltese puppies available for pet lovers,contact (562) 661-6668 for more info.: we have one male and tw..."
amarres! brujo negro!: amarres! brujo negro! amarres! alejamos amantes!! bloqueo erecciones!! te vuelvo mas pa...
a fabulous invitation is always the life of the party: a fabulous invitation is always the life of the party. ...
tukang rumah dan paip taman selayang utama rizal 0123905895: rizal renovation and plumbing 0123905895 co . no...
replacement for samsung np-r45 laptop cpu fan: there are samsung np-r45 cpu fan made from the high quality par...
mlm software system development company malaysia: og software solutions provides all sizes mlm companies from ...
hire cheap reseller hosting for proven hosting services: are you interested in having cheap reseller hosting o...
tukang rumah dan paip taman sri rampai rizal 0123905895: rizal renovation and plumbing 0123905895 co . no . p...
urgent opportunity: javanese transcriber (native speaker): urgent opportunity: javanese transcriber (native sp...
"april 3rd - furnished apartment, kitchen parking - 2242 jackson street: - $550 per week - from april 3rd. 2..."
"2013 toyota land cruiser, for sale..: affordable price! i need to sell my japanese made toyota land cruiser 2..."
a2z events solutions management is a event consultant’s fundamental ability: a2z events solutions management i...
management personnel: be part and become one of our business associates.. our company is looking for hard-wo...
"vietnam manpower are available: vietnam manpower service &amp; trading jsc., (vmst) is one of the leading agencies..."
ready to constructions approved plot sale in jemi ethiraj nagar annenx at mappedu junction…: ready to co...
"mytruehost- specialized in 1 dollar hosting services: for all types of cheap and the best hosting services, yo..."
data entry jobs in pakistan at home (20141207-b680): data entry jobs in pakistan at home
a to z problem solution baba ji+91-9785312571: a to z problem solution baba ji+91-9785312571a to z problem sol...
create industrial barcodes using drpu barcode maker software: if you are looking for a software program that c...
nokia lumia 920: nokia lumia 920 is the new flagship device from nokia which runs on microsoft windows phone 8...
brand new yamaha vmax sho 250hp outboard motor: ============================= mercury 20 hp 4 stroke outboard ...
"tukang rumah dan paip wangsa maju rizal 0123905895: rizal renovation and plumbing , ( co , 002359196 , p ) u..."
"online /offline data entry job: salary rs.45,000/- per month, data entry jobs in india, usa, uk, australia, st..."
a2z events solutions management offers elegant and classy trousseau packing services: a2z events solutions man...
vat registration in madhya pradesh - instavat.in: instavat provides a comprehensive solution on vat registrati...
bandar mahkota renovation and plumbing arshad 012 242 3269: perhimatan kami: ubahsuai rumah dan pejabat menge...
cyber cafe management software free (india): k2048kstreet cyber cafe management software helps better manage f...
"offer-online /offline data entry job, copy past work, form filling job: offer-salary rs.45,000/- per month, da..."
solo exhibition “ melintasi jaman “ by soetopo: solo exhibition “ melintasi jaman “ by soetopo 15 april unti...
a2z events solutions management offers more than 40 different types of stage: a2z events solutions management ...
"buy new apple iphone 6 plus 64gb,samsung note 4: our product are all original brand new phones sealed in it or..."
"online /offline data entry job, copy past work, form filling job: salary rs.45,000/- per month, data entry job..."
"urgent required male/ female for data entry operator.: salary rs.45,000/- per month, data entry jobs in india,..."
"plot for sale in uchakkada: plot for sale in vizhijam, uchakkada , very near from upcoming vizhinjam port. ..."
we need online copy paste workers for our company.: we are offering you copy and paste online work to you. the...
"(whatsapp:+254700715763) brand new apple iphone 6, 6 plus: contact us for price and procedure on how to order ..."
"plot for sale in uchakkada, trivandrum: plot for sale in uchakkada plot for sale in vizhijam, uchakkada , ve..."
i want to sell my 2014 land rover range rover evoque dynamic: am selling this 2014 land rover range rover evoq...
a2z events solutions management is the most trusted name engaged in offering: a2z events solutions management ...
replacement for sony vaio sve1413tcxb laptop cpu fan: there are sony vaio sve1413tcxb cpu fan made from the hi...
"mytruehost- for and with you to serve you the best: all want to have great services by paying less, thus, you ..."
"goa railway station rooms for office groups: holiday apartments to let in near benaulim, colva and varca beach..."
urgent opportunity: javanese transcriber (native speaker): urgent opportunity: javanese transcriber (native sp...
"genuine part time job at do you want to earn rs 10,000/- to rs 30,000/- per month. if y..."
a2z events solutions management is a well recognized event management company: a2z events solutions management...
au gold dore bars and dust for sale cif buyers refinery: thanks for establishing a reliable business partners...
approved plots sale at jemi sharma nagar in sunguvarchathiram: approved plots sale at jemi sharma nagar in s...
guaranteed income home based jobs call now: all jobs demo &amp; payment proof available. guaranteed weekly/monthly...
part time form filling jobs at home: now you can get paid to work at home slow typing job. very easy to start ...
without investment part time jobs form filling jobs earn dollars: home based jobs online jobs form filling job...
"buy fake/real passport,driver license,id cards,birth certificate,diplomas,ssn etc: buy fake/real passport,driv..."
"genuine easy part time job at do you want to earn rs 10,000/- to rs 30,000/- per month...."
world famous astrologer+91-9779392437 sk jindal lal kitab: astrologer sumit jindal is a well known best astrol...
drpu barcode maker software for stock management: drpu barcode maker software is used to manage and control yo...
excellent lifetime income by just working few hours daily: are you looking for lifelong income by working onli...
very near heat choco lab rush sale or swap: near heat choco labrador rush sale or swap nice built prolific b...
solo exhibition “ melintasi jaman “ by soetopo: solo exhibition “ melintasi jaman “ by soetopo 15 april unti...
"plot for sale near vizhinjam port: plot for sale near vizhinjam harbour, attractive plot for sale with afforda..."
a2z events solutions management is a famous and well recognized firm especially: a2z events solutions manageme...
part time form filling jobs for home workers: now you can get paid to work at home slow typing job. very easy ...
cheap hosting- now in your city: looking for cheap hosting services? cheapresellerhost is the answer of all yo...
"buy fake/real passport,driver license,id cards,birth certificate,diplomas,ssn etc: buy fake/real passport,driv..."
make money online in pakistan (20141111-a11d): make money online in pakistan earn dollar...
"part time data entry job available salary rs.30,000/- per month,: salary rs.45,000/- per month, data entry job..."
"work with bristol &amp; earn 30000/- per month: there is no paper work, no outdoor marketing and no need to meet a..."
topshelf weed ....hash oil for sale: for more information text 774-224-0904 email janismilne...
a2z events solutions management has various types of services: a2z events solutions management has various typ...
"start franchise business with zero cost: open bristol franchisee office at your home/locality &amp; earn rs. 50,00..."
"mytruehost- with you all the time: talking about mytruehost, this is one of the most trusted and best company ..."
buy my: sedan lexus es 350 2013 car: peace be on whoever is reading my advert as it is placed on displaying my...
replacement for sony vaio vpcsa24gx laptop cpu fan: there are sony vaio vpcsa24gx cpu fan made from the high q...
regreso! a tu pareja enamorado!: regreso! a tu pareja enamorado! y sometido a tu voluntad para que siempre te ...
"buy passport ,visa,driving license,id cards buy passport ,visa,driving license,id c..."
easy genuine govt. job at do you have a typing speed of 10 wpm? do you have a computer ...
a2z events solutions management has one goal: to help you make your event everything it can be.: a2z events so...
plumbing dan renovation mohd afik 017 3164457 wangsa maju: perhidmatan kami ubahsuai rumah &amp; pejabat ubahsuai ...
"march 29 - furnished apt. 1/1. parking, kitchen, centrally located: * available from march 29th $1,450 per mon..."
urgent opportunity: javanese transcriber (native speaker): urgent opportunity: javanese transcriber (native sp...
bristol ad posting job for home worker: easy way to earn real money at home. you can earn rs.10/- for each and...
"easy copy paste &amp; slow typing job at home: your salary is not enough for you?? don’t worry, just give us 1 to ..."
part time form filling jobs at home: now you can get paid to work at home slow typing job. very easy to start ...
hp xw-8600 new offer: hp xw-8600 3.2 1600 mega herd processor 8 gb ram n videa graphic card combo drive...
"candid photographers in kaushambi: vishiphotography delhi, india - product photography services in india call:..."
"easy copy paste &amp; slow typing job at home: your salary is not enough for you?? don’t worry, just give us 1 to ..."
"part time data entry job available salary rs.30,000/- per month,: salary rs.45,000/- per month, data entry job..."
"**passport consultant in pune.**: hello sir, i am a passport consultant or agent. just make your passport with..."
bristol ad posting job for home worker: easy way to earn real money at home. you can earn rs.10/- for each and...
hp xw-8600 new offer: hp xw-8600 3.2 1600 mega herd processor 8 gb ram n videa graphic card combo drive...
a2z events solutions management brings you an exclusive catering service: a2z events solutions management brin...
"post free classifieds ads india, searching job,online buying selling, promote business etc...free: www.alibha...."
"urgent loan offer: we are private lending firm,we offer loans at low interest rate of to any interested indi..."
part time jobs in trivandrum: online jobs in trivandrum. aceware technologies pvt.ltd.. an iso 9001:2008 cert...
traditional healer and herbalist. call +27712654614: traditional healer and herbalist. call +27712654614 the e...
a2z worldwide travels and tours is not a conventional travel agency: a2z worldwide travels and tours is not a ...
"slow typing form filling job at basic internet knowledge is enough, tools and video tut..."
approved plots for sale at samundeeswari nagar in thiruvallur (immediate construction): approved plots f...
"rizal renovation and plumbing kelana jaya 0123905895: rizal renovation and plumbing , ( co , 002359196 , p )"
samsung galaxy note 2 n7100: the samsung galaxy note ii is a titanium gray colored smartphone running the andr...
start franchise business with zero cost: one can earn rs.50000/-+ per month by taking our franchise opportunit...
"love porblem solution from r k shastri +919312128102: karamkandi r. k. shastri + 91-9350192718,91-9891446992, ..."
bristol data posting &amp; form filling job offer: simple data posting form filling job for every one. if one have...
samsung galaxy note 2 n7100: the samsung galaxy note ii is a titanium gray colored smartphone running the andr...
"hp envy 15-j048tx laptop: performance and reliability confluence in style in the form of this hp laptop, power..."
"rizal renovation and plumbing taman impian ehsan 0123905895: rizal renovation and plumbing , ( co , 002359196 ..."
online ad posting jobs- earn rs.500 per day.: we invite you to the great earning golden opportunity website. s...
"rare stamp germania for sale , good used: looking for sell rare old stamps germania in good condition shippin..."
"love problem solution +919312128102: karamkandi r. k. shastri + 91-9891446992, 9350192718, our mission bhagwat..."
utilize your free time on computer &amp; earn: great work at home job opportunity. earn real money working on the ...
best ielts training centre in trivandrum: “ empower “ institute of english and professional development is tr...
"rizal labai renovation and tamansri watan 0123905895: rizal renovation and plumbing , ( co , 002359196 , p )"
genuine bristol posting job at one can earn rs.10/- for each and every successful assi...
simple ad posting copy-paste work: posting ads in free classifieds is an extremely easy job.basic knowledge of...
"a2z worldwide travels and tours, a pioneer travel institution in the pakistan: a2z worldwide travels and tours..."
