"having fun playing #csrracing for ios, why not join me for free?"
i just moved up to level 86 in #csrracing for ios! you should check it out for free!
"having fun playing #csrracing for ios, why not join me for free?"
racing and restoring awesome cars in #csrclassics. it's free!
every day i'm levelling! and now i'm level 69 in #csrclassics for ios! get it for free!
i won the 2nd star in my ferrari f12berlinetta in #csrracing #raceyourfriends. download free!
"having fun playing #csrracing for ios, why not join me for free?"
i just moved up to level 85 in #csrracing for ios! you should check it out for free!
racing and restoring awesome cars in #csrclassics. it's free!
i just moved up to level 84 in #csrracing for ios! you should check it out for free!
racing and restoring awesome cars in #csrclassics. it's free!
every day i'm levelling! and now i'm level 68 in #csrclassics for ios! get it for free!
"having fun playing #csrracing for ios, why not join me for free?"
"having fun playing #csrracing for ios, why not join me for free?"
i won the first star in my ferrari f12berlinetta in #csrracing #raceyourfriends. download free!
i just moved up to level 83 in #csrracing for ios! you should check it out for free!
racing and restoring awesome cars in #csrclassics. it's free!
racing and restoring awesome cars in #csrclassics. it's free!
every day i'm levelling! and now i'm level 67 in #csrclassics for ios! get it for free!
"having fun playing #csrracing for ios, why not join me for free?"
i just moved up to level 82 in #csrracing for ios! you should check it out for free!
racing and restoring awesome cars in #csrclassics. it's free!
every day i'm levelling! and now i'm level 66 in #csrclassics for ios! get it for free!
"having fun playing #csrracing for ios, why not join me for free?"
racing and restoring awesome cars in #csrclassics. it's free!
i just moved up to level 81 in #csrracing for ios! you should check it out for free!
"having fun playing #csrracing for ios, why not join me for free?"
i just moved up to level 77 in #csrracing for ios! you should check it out for free!
racing and restoring awesome cars in #csrclassics. it's free!
every day i'm levelling! and now i'm level 60 in #csrclassics for ios! get it for free!
"having fun playing #csrracing for ios, why not join me for free?"
every day i'm levelling! and now i'm level 59 in #csrclassics for ios! get it for free!
i just moved up to level 76 in #csrracing for ios! you should check it out for free!
racing and restoring awesome cars in #csrclassics. it's free!
i won the first star in my ferrari f430 in #csrracing #raceyourfriends. download free!
every day i'm levelling! and now i'm level 58 in #csrclassics for ios! get it for free!
"having fun playing #csrracing for ios, why not join me for free?"
i just moved up to level 75 in #csrracing for ios! you should check it out for free!
racing and restoring awesome cars in #csrclassics. it's free!
every day i'm levelling! and now i'm level 57 in #csrclassics for ios! get it for free!
racing and restoring awesome cars in #csrclassics. it's free!
"having fun playing #csrracing for ios, why not join me for free?"
i just moved up to level 74 in #csrracing for ios! you should check it out for free!
every day i'm levelling! and now i'm level 56 in #csrclassics for ios! get it for free!
racing and restoring awesome cars in #csrclassics. it's free!
racing and restoring awesome cars in #csrclassics. it's free!
"having fun playing #csrracing for ios, why not join me for free?"
racing and restoring awesome cars in #csrclassics. it's free!
racing and restoring awesome cars in #csrclassics. it's free!
racing and restoring awesome cars in #csrclassics. it's free!
every day i'm levelling! and now i'm level 55 in #csrclassics for ios! get it for free!
i just moved up to level 73 in #csrracing for ios! you should check it out for free!
i just moved up to level 12 in #csrracing for ios! you should check it out for free!
i just moved up to tier 2 in #csrracing for ios! you should check it out for free!
i just moved up to level 11 in #csrracing for ios! you should check it out for free!
i just moved up to level 10 in #csrracing for ios! you should check it out for free!
i just moved up to level 9 in #csrracing for ios! you should check it out for free!
i just moved up to level 8 in #csrracing for ios! you should check it out for free!
i won the first star in my mini cooper s ryf in #csrracing #raceyourfriends. download free!
i just moved up to level 4 in #csrracing for ios! you should check it out for free!
i just moved up to level 3 in #csrracing for ios! you should check it out for free!
i just moved up to level 2 in #csrracing for ios! you should check it out for free!
